conformation,Cys6-Cys127,Cys30-Cys115,Cys64-Cys80,Cys76-Cys94
1,4.2113,3.3998,4.0662,3.9677
2,3.9899,3.8922,3.6705,3.8669
3,3.8748,3.8015,4.0451,4.0975
4,4.2996,3.4821,4.1998,4.0731
5,4.0443,3.8105,4.2746,3.6909
6,4.1342,4.0903,3.6518,3.8299
7,4.0149,3.5242,3.9681,4.0628
8,3.7003,3.1618,3.7199,3.6843
9,3.9487,3.4661,4.1189,4.1356
10,3.6462,3.7648,4.1704,4.2810
11,3.7797,4.0385,3.5891,4.5310
12,3.9188,3.5534,4.0270,3.8536
13,4.0184,3.9729,4.0583,3.9423
14,4.1372,3.5530,4.3852,4.3520
15,3.7583,3.4999,4.2325,4.4613
16,4.0553,3.5777,4.4437,3.6102
17,4.8275,3.6887,3.6596,4.0897
18,5.2203,3.8295,4.1712,4.2332
19,5.0025,4.4427,3.3279,4.3743
20,4.3367,3.8195,3.4376,3.8473
21,3.4839,3.4234,4.0735,4.6827
22,3.7632,3.7644,4.8955,4.1242
23,3.9278,3.8140,3.8711,3.6905
24,3.5623,4.2866,3.9810,4.4275
25,3.9278,3.6328,4.4807,4.0129
26,3.9560,3.7465,4.2187,3.6450
27,4.3545,4.2017,4.1199,4.0124
28,3.9855,4.1054,4.5169,4.2177
29,3.6158,3.6014,3.5098,4.6324
30,3.6532,3.6057,4.8230,4.0559
31,3.5931,3.5902,4.0708,3.7353
32,3.7781,3.9158,4.1028,4.6163
33,3.3472,4.2909,3.5332,4.3009
34,3.7802,9.1405,4.1968,4.0661
35,4.3382,3.9984,4.1952,4.3430
36,4.1278,3.5827,4.4537,3.9121
37,4.6210,3.4941,3.8895,4.3412
38,3.5545,3.7736,4.2691,4.5049
39,4.4718,4.0432,4.0986,4.0590
40,3.8724,3.5968,3.6609,3.6448
41,4.3785,3.9199,3.5465,3.9678
42,4.1449,3.4176,4.4045,4.1375
43,3.1116,4.3349,3.6732,4.4356
44,3.6356,3.6317,4.3912,4.6042
45,4.1906,3.7022,3.5341,4.3575
46,7.0307,4.0399,4.4460,3.7233
47,3.8524,3.6235,3.7537,3.9669
48,3.6839,3.3505,3.6525,4.0881
49,3.5785,3.6676,4.1480,4.1124
50,4.0946,3.6001,3.6523,3.4514
51,12.9583,3.5267,3.5991,3.5635
52,4.0266,3.4970,3.6157,4.4963
53,4.7429,3.4997,4.3941,3.5878
54,3.7780,3.7387,4.3681,5.0164
55,3.4766,4.4387,3.7124,4.1357
56,3.9247,3.5161,3.8077,3.5031
57,4.0834,3.8879,4.4365,3.9980
58,3.9845,3.4144,4.2167,3.9968
59,3.6027,3.5923,3.6883,3.8252
60,3.7475,3.8475,3.7917,4.7819
61,3.7243,3.8417,4.1742,4.0852
62,3.9880,3.7861,4.1192,3.3721
63,3.9340,4.9781,3.3570,3.7162
64,4.1585,3.4444,4.3165,4.1428
65,3.9658,4.0490,4.1919,4.1788
66,4.3087,3.6021,4.0261,4.3856
67,4.3649,3.6665,4.2843,4.0837
68,4.2371,3.6264,3.8334,3.6721
69,4.0223,3.5669,3.9063,4.2182
70,4.0145,12.9150,3.5610,3.5927
71,3.7486,3.4915,4.5741,4.4415
72,3.0349,3.8245,3.6141,4.0962
73,3.2742,3.7144,4.5491,8.5429
74,3.7579,3.3867,3.9847,4.4481
75,4.1674,3.8993,4.1543,4.2675
76,4.1672,3.6989,4.1370,4.3468
77,3.7945,3.8419,3.9328,3.7386
78,3.5554,3.4726,4.5115,3.7136
79,4.1658,4.1594,4.2684,4.1105
80,3.6733,4.0273,4.2617,4.2633
81,4.3695,4.0368,4.7184,3.6421
82,3.6699,3.6772,3.6872,3.9835
83,3.7044,3.4714,4.0021,3.7843
84,3.2888,4.1672,3.7511,3.8424
85,4.3217,3.8595,3.9863,4.2078
86,3.8664,3.4555,4.1262,4.1677
87,6.1452,3.4041,3.8546,4.0989
88,3.7758,3.7224,3.6781,4.1050
89,4.7527,3.6314,4.4554,4.0150
90,4.3074,3.9070,4.0303,4.8205
91,4.0220,3.8413,3.8436,4.0315
92,3.6714,3.6571,4.3735,3.9630
93,4.0498,3.4973,4.1761,4.1158
94,4.4869,3.6479,3.7613,3.3146
95,4.2471,3.7304,3.8713,3.8289
96,4.2736,4.2251,4.3246,4.6755
97,3.8063,3.7665,3.8981,4.1907
98,3.7436,3.5531,4.1500,3.9122
99,4.0642,3.5972,4.3103,3.9144
