conformation,Cys5-Cys55,Cys14-Cys38,Cys30-Cys51
1,3.9018,3.2620,3.8426
2,3.3138,4.2546,3.4943
3,3.4369,6.3602,3.5500
4,4.0203,3.6686,3.5088
5,20.4840,17.5233,8.6103
6,3.8210,4.0022,3.4460
7,3.4699,5.1554,3.5213
8,3.1433,3.6135,3.6141
9,30.8194,15.2482,3.2101
10,3.3438,3.8017,3.9865
11,3.5033,13.7980,3.6427
12,27.2047,21.4439,9.2549
13,3.8140,3.4217,3.7622
14,3.7749,4.1620,3.6233
15,4.2154,3.8714,3.5073
16,4.0294,13.4868,4.0063
17,3.9471,9.3935,3.9036
18,3.7566,4.3217,3.9122
19,3.7267,6.9252,4.4998
20,3.6150,3.7694,3.8735
21,3.5529,3.6021,3.6198
22,4.1619,4.3014,3.6890
23,3.7608,4.3910,3.5727
24,4.5182,3.8343,4.3675
25,3.6643,4.0829,3.8186
26,22.1564,24.5874,15.8607
27,3.6396,3.9602,3.8657
28,3.7074,4.4968,4.0179
29,3.3353,3.6159,4.0404
30,37.5362,18.1942,11.5428
31,26.0953,23.4968,29.4954
32,4.1805,4.6958,4.0706
33,3.4866,4.2227,3.6978
34,3.3075,8.7796,3.7784
35,3.4231,3.7084,4.2265
36,3.5683,3.7236,3.6328
37,3.7352,4.6248,4.0210
38,3.6275,4.3021,3.7283
39,3.5027,7.5826,3.4179
40,2.9777,5.4569,3.1267
41,3.3553,4.8465,4.2310
42,3.3560,4.2441,3.9559
43,4.6892,12.2476,4.2001
44,3.6545,4.1825,3.9605
45,3.6688,4.0876,3.9137
46,3.6629,4.8066,3.9527
47,3.5017,7.2548,3.3350
48,3.3072,4.1287,3.8939
49,4.3288,4.4123,3.9260
50,3.7856,3.8435,3.6461
51,3.6235,4.8382,3.6597
52,3.2831,4.1983,3.6492
53,3.6138,5.0611,3.9795
54,3.3309,6.0055,3.8205
55,4.1459,11.8187,3.2363
56,3.6547,5.0658,3.9159
57,3.5786,17.0395,3.5485
58,3.7922,4.3274,4.0628
59,3.4304,3.5460,3.9622
60,4.4276,4.3379,4.0931
61,3.2475,5.0080,3.7476
62,19.7370,9.5157,18.9723
63,4.1465,3.5721,3.9515
64,4.0828,3.6768,4.0050
65,3.9170,4.4236,3.9350
66,3.9685,3.8107,3.7424
67,3.7007,3.7909,3.8969
68,3.0349,4.2291,3.7729
69,3.8669,8.7924,4.0115
70,3.7429,4.3495,3.9990
71,26.0671,10.9600,11.0734
72,3.4310,4.1448,3.4197
73,3.3797,4.7993,3.5234
74,3.6128,3.7613,3.6319
75,20.8192,17.5403,4.0450
76,3.2334,3.5772,3.7894
77,3.8770,6.8926,3.7496
78,29.1393,7.1872,26.6889
79,3.2499,4.8130,3.4861
80,3.6686,4.2651,4.2302
81,3.7353,3.4890,3.8950
82,44.4698,14.3390,20.4873
83,3.3136,3.8259,3.5226
84,4.0806,3.9694,3.7821
85,3.8627,3.8382,3.9303
86,4.2370,9.0728,4.0568
87,3.7289,3.8220,3.8152
88,3.2966,4.6467,3.8137
89,3.6302,4.0880,3.6508
90,3.4394,9.6753,4.1101
91,4.2346,4.7286,3.6206
92,3.5161,4.5162,3.7949
93,3.6469,3.4510,3.7863
94,3.3087,4.4792,4.2382
95,3.4121,4.2655,3.3270
96,3.8152,4.3096,4.0376
97,3.3951,4.1829,3.4932
98,3.4302,3.8175,3.9483
