conformation,bond_id,residue1,residue2,sg_sg_distance_A,error
crambin_conf_000,Cys3-Cys40,3,40,5.880712985992432,
crambin_conf_000,Cys4-Cys32,4,32,5.081455707550049,
crambin_conf_000,Cys16-Cys26,16,26,7.254727363586426,
crambin_conf_001,Cys3-Cys40,3,40,24.81859588623047,
crambin_conf_001,Cys4-Cys32,4,32,11.540449142456055,
crambin_conf_001,Cys16-Cys26,16,26,7.937870979309082,
crambin_conf_002,Cys3-Cys40,3,40,31.364482879638672,
crambin_conf_002,Cys4-Cys32,4,32,12.373198509216309,
crambin_conf_002,Cys16-Cys26,16,26,22.097370147705078,
crambin_conf_003,Cys3-Cys40,3,40,27.185741424560547,
crambin_conf_003,Cys4-Cys32,4,32,30.32740592956543,
crambin_conf_003,Cys16-Cys26,16,26,15.51373291015625,
crambin_conf_004,Cys3-Cys40,3,40,2.0568737983703613,
crambin_conf_004,Cys4-Cys32,4,32,2.2178597450256348,
crambin_conf_004,Cys16-Cys26,16,26,4.592555999755859,
crambin_conf_005,Cys3-Cys40,3,40,2.2137539386749268,
crambin_conf_005,Cys4-Cys32,4,32,2.8015098571777344,
crambin_conf_005,Cys16-Cys26,16,26,15.244075775146484,
crambin_conf_006,Cys3-Cys40,3,40,2.1800150871276855,
crambin_conf_006,Cys4-Cys32,4,32,3.533644199371338,
crambin_conf_006,Cys16-Cys26,16,26,5.3715033531188965,
crambin_conf_007,Cys3-Cys40,3,40,9.789793014526367,
crambin_conf_007,Cys4-Cys32,4,32,12.051619529724121,
crambin_conf_007,Cys16-Cys26,16,26,9.931102752685547,
crambin_conf_008,Cys3-Cys40,3,40,33.733158111572266,
crambin_conf_008,Cys4-Cys32,4,32,25.02767562866211,
crambin_conf_008,Cys16-Cys26,16,26,13.17489242553711,
crambin_conf_009,Cys3-Cys40,3,40,2.1310172080993652,
crambin_conf_009,Cys4-Cys32,4,32,2.8715572357177734,
crambin_conf_009,Cys16-Cys26,16,26,5.643701076507568,
crambin_conf_010,Cys3-Cys40,3,40,3.3992693424224854,
crambin_conf_010,Cys4-Cys32,4,32,3.0516598224639893,
crambin_conf_010,Cys16-Cys26,16,26,4.873318195343018,
crambin_conf_011,Cys3-Cys40,3,40,2.401742696762085,
crambin_conf_011,Cys4-Cys32,4,32,2.8019752502441406,
crambin_conf_011,Cys16-Cys26,16,26,4.129785537719727,
crambin_conf_012,Cys3-Cys40,3,40,2.254739284515381,
crambin_conf_012,Cys4-Cys32,4,32,2.8829569816589355,
crambin_conf_012,Cys16-Cys26,16,26,4.598204612731934,
crambin_conf_013,Cys3-Cys40,3,40,8.909884452819824,
crambin_conf_013,Cys4-Cys32,4,32,12.814905166625977,
crambin_conf_013,Cys16-Cys26,16,26,9.216423988342285,
crambin_conf_014,Cys3-Cys40,3,40,3.5289394855499268,
crambin_conf_014,Cys4-Cys32,4,32,2.5015757083892822,
crambin_conf_014,Cys16-Cys26,16,26,5.240884780883789,
crambin_conf_015,Cys3-Cys40,3,40,7.490978717803955,
crambin_conf_015,Cys4-Cys32,4,32,13.359359741210938,
crambin_conf_015,Cys16-Cys26,16,26,10.584086418151855,
crambin_conf_016,Cys3-Cys40,3,40,27.357593536376953,
crambin_conf_016,Cys4-Cys32,4,32,29.30572509765625,
crambin_conf_016,Cys16-Cys26,16,26,14.721107482910156,
crambin_conf_017,Cys3-Cys40,3,40,2.8882994651794434,
crambin_conf_017,Cys4-Cys32,4,32,2.0883805751800537,
crambin_conf_017,Cys16-Cys26,16,26,5.267080307006836,
crambin_conf_018,Cys3-Cys40,3,40,39.6259651184082,
crambin_conf_018,Cys4-Cys32,4,32,25.518264770507812,
crambin_conf_018,Cys16-Cys26,16,26,22.38619613647461,
crambin_conf_019,Cys3-Cys40,3,40,1.990580677986145,
crambin_conf_019,Cys4-Cys32,4,32,2.206876516342163,
crambin_conf_019,Cys16-Cys26,16,26,5.767669200897217,
crambin_conf_020,Cys3-Cys40,3,40,13.494229316711426,
crambin_conf_020,Cys4-Cys32,4,32,17.18768310546875,
crambin_conf_020,Cys16-Cys26,16,26,13.75064468383789,
crambin_conf_021,Cys3-Cys40,3,40,2.1749560832977295,
crambin_conf_021,Cys4-Cys32,4,32,2.041461229324341,
crambin_conf_021,Cys16-Cys26,16,26,5.2646074295043945,
crambin_conf_022,Cys3-Cys40,3,40,42.183441162109375,
crambin_conf_022,Cys4-Cys32,4,32,39.53099060058594,
crambin_conf_022,Cys16-Cys26,16,26,13.759328842163086,
crambin_conf_023,Cys3-Cys40,3,40,3.6036696434020996,
crambin_conf_023,Cys4-Cys32,4,32,3.5852181911468506,
crambin_conf_023,Cys16-Cys26,16,26,4.948605060577393,
crambin_conf_024,Cys3-Cys40,3,40,2.2378034591674805,
crambin_conf_024,Cys4-Cys32,4,32,3.2409346103668213,
crambin_conf_024,Cys16-Cys26,16,26,5.104898452758789,
crambin_conf_025,Cys3-Cys40,3,40,2.027092695236206,
crambin_conf_025,Cys4-Cys32,4,32,13.635641098022461,
crambin_conf_025,Cys16-Cys26,16,26,5.034722328186035,
crambin_conf_026,Cys3-Cys40,3,40,4.704281806945801,
crambin_conf_026,Cys4-Cys32,4,32,4.170176029205322,
crambin_conf_026,Cys16-Cys26,16,26,2.986715316772461,
crambin_conf_027,Cys3-Cys40,3,40,1.958327293395996,
crambin_conf_027,Cys4-Cys32,4,32,2.421552896499634,
crambin_conf_027,Cys16-Cys26,16,26,4.434512138366699,
crambin_conf_028,Cys3-Cys40,3,40,2.0996439456939697,
crambin_conf_028,Cys4-Cys32,4,32,8.983484268188477,
crambin_conf_028,Cys16-Cys26,16,26,21.993330001831055,
crambin_conf_029,Cys3-Cys40,3,40,2.5861690044403076,
crambin_conf_029,Cys4-Cys32,4,32,2.619762659072876,
crambin_conf_029,Cys16-Cys26,16,26,5.471887588500977,
crambin_conf_030,Cys3-Cys40,3,40,10.133955001831055,
crambin_conf_030,Cys4-Cys32,4,32,18.94365882873535,
crambin_conf_030,Cys16-Cys26,16,26,19.654123306274414,
crambin_conf_031,Cys3-Cys40,3,40,3.865004539489746,
crambin_conf_031,Cys4-Cys32,4,32,19.08527183532715,
crambin_conf_031,Cys16-Cys26,16,26,18.03293228149414,
crambin_conf_032,Cys3-Cys40,3,40,13.390863418579102,
crambin_conf_032,Cys4-Cys32,4,32,7.4840087890625,
crambin_conf_032,Cys16-Cys26,16,26,7.842465400695801,
crambin_conf_033,Cys3-Cys40,3,40,35.33618927001953,
crambin_conf_033,Cys4-Cys32,4,32,22.474655151367188,
crambin_conf_033,Cys16-Cys26,16,26,29.168779373168945,
crambin_conf_034,Cys3-Cys40,3,40,25.89689064025879,
crambin_conf_034,Cys4-Cys32,4,32,17.765085220336914,
crambin_conf_034,Cys16-Cys26,16,26,6.6140594482421875,
crambin_conf_035,Cys3-Cys40,3,40,2.4595789909362793,
crambin_conf_035,Cys4-Cys32,4,32,2.6129114627838135,
crambin_conf_035,Cys16-Cys26,16,26,4.895750045776367,
crambin_conf_036,Cys3-Cys40,3,40,7.978178977966309,
crambin_conf_036,Cys4-Cys32,4,32,17.561243057250977,
crambin_conf_036,Cys16-Cys26,16,26,5.299385070800781,
crambin_conf_037,Cys3-Cys40,3,40,12.353219032287598,
crambin_conf_037,Cys4-Cys32,4,32,22.80292320251465,
crambin_conf_037,Cys16-Cys26,16,26,22.562196731567383,
crambin_conf_038,Cys3-Cys40,3,40,1.8699907064437866,
crambin_conf_038,Cys4-Cys32,4,32,3.816772937774658,
crambin_conf_038,Cys16-Cys26,16,26,5.139705657958984,
crambin_conf_039,Cys3-Cys40,3,40,64.89362335205078,
crambin_conf_039,Cys4-Cys32,4,32,61.64124298095703,
crambin_conf_039,Cys16-Cys26,16,26,20.565067291259766,
crambin_conf_040,Cys3-Cys40,3,40,15.719459533691406,
crambin_conf_040,Cys4-Cys32,4,32,26.51414680480957,
crambin_conf_040,Cys16-Cys26,16,26,18.394140243530273,
crambin_conf_041,Cys3-Cys40,3,40,2.559955596923828,
crambin_conf_041,Cys4-Cys32,4,32,7.2646026611328125,
crambin_conf_041,Cys16-Cys26,16,26,10.629432678222656,
crambin_conf_042,Cys3-Cys40,3,40,2.3214449882507324,
crambin_conf_042,Cys4-Cys32,4,32,11.475342750549316,
crambin_conf_042,Cys16-Cys26,16,26,5.321630477905273,
crambin_conf_043,Cys3-Cys40,3,40,30.78317642211914,
crambin_conf_043,Cys4-Cys32,4,32,12.560384750366211,
crambin_conf_043,Cys16-Cys26,16,26,10.047630310058594,
crambin_conf_044,Cys3-Cys40,3,40,5.502533435821533,
crambin_conf_044,Cys4-Cys32,4,32,2.013843297958374,
crambin_conf_044,Cys16-Cys26,16,26,13.706369400024414,
crambin_conf_045,Cys3-Cys40,3,40,2.2548816204071045,
crambin_conf_045,Cys4-Cys32,4,32,2.5930583477020264,
crambin_conf_045,Cys16-Cys26,16,26,4.9650092124938965,
crambin_conf_046,Cys3-Cys40,3,40,2.243457317352295,
crambin_conf_046,Cys4-Cys32,4,32,4.774955749511719,
crambin_conf_046,Cys16-Cys26,16,26,4.985162734985352,
crambin_conf_047,Cys3-Cys40,3,40,2.0196244716644287,
crambin_conf_047,Cys4-Cys32,4,32,5.18004846572876,
crambin_conf_047,Cys16-Cys26,16,26,6.615765571594238,
crambin_conf_048,Cys3-Cys40,3,40,25.839902877807617,
crambin_conf_048,Cys4-Cys32,4,32,26.101593017578125,
crambin_conf_048,Cys16-Cys26,16,26,18.319093704223633,
crambin_conf_049,Cys3-Cys40,3,40,3.377856731414795,
crambin_conf_049,Cys4-Cys32,4,32,3.053746223449707,
crambin_conf_049,Cys16-Cys26,16,26,4.985935211181641,
crambin_conf_050,Cys3-Cys40,3,40,44.72639465332031,
crambin_conf_050,Cys4-Cys32,4,32,22.435344696044922,
crambin_conf_050,Cys16-Cys26,16,26,24.35682487487793,
crambin_conf_051,Cys3-Cys40,3,40,1.8319084644317627,
crambin_conf_051,Cys4-Cys32,4,32,2.3125295639038086,
crambin_conf_051,Cys16-Cys26,16,26,4.410276412963867,
crambin_conf_052,Cys3-Cys40,3,40,2.8394007682800293,
crambin_conf_052,Cys4-Cys32,4,32,2.8629300594329834,
crambin_conf_052,Cys16-Cys26,16,26,5.809638500213623,
crambin_conf_053,Cys3-Cys40,3,40,23.142850875854492,
crambin_conf_053,Cys4-Cys32,4,32,27.781545639038086,
crambin_conf_053,Cys16-Cys26,16,26,28.907573699951172,
crambin_conf_054,Cys3-Cys40,3,40,4.604686737060547,
crambin_conf_054,Cys4-Cys32,4,32,8.745083808898926,
crambin_conf_054,Cys16-Cys26,16,26,3.68608021736145,
crambin_conf_055,Cys3-Cys40,3,40,3.7563416957855225,
crambin_conf_055,Cys4-Cys32,4,32,2.2348408699035645,
crambin_conf_055,Cys16-Cys26,16,26,3.1136159896850586,
crambin_conf_056,Cys3-Cys40,3,40,20.093780517578125,
crambin_conf_056,Cys4-Cys32,4,32,19.248918533325195,
crambin_conf_056,Cys16-Cys26,16,26,12.084174156188965,
crambin_conf_057,Cys3-Cys40,3,40,69.98759460449219,
crambin_conf_057,Cys4-Cys32,4,32,48.82888412475586,
crambin_conf_057,Cys16-Cys26,16,26,26.882213592529297,
crambin_conf_058,Cys3-Cys40,3,40,2.137535572052002,
crambin_conf_058,Cys4-Cys32,4,32,3.9796504974365234,
crambin_conf_058,Cys16-Cys26,16,26,5.36004638671875,
crambin_conf_059,Cys3-Cys40,3,40,2.678058385848999,
crambin_conf_059,Cys4-Cys32,4,32,2.894226551055908,
crambin_conf_059,Cys16-Cys26,16,26,7.27924919128418,
crambin_conf_060,Cys3-Cys40,3,40,3.2087862491607666,
crambin_conf_060,Cys4-Cys32,4,32,2.0191938877105713,
crambin_conf_060,Cys16-Cys26,16,26,11.83639907836914,
crambin_conf_061,Cys3-Cys40,3,40,15.253522872924805,
crambin_conf_061,Cys4-Cys32,4,32,22.07575225830078,
crambin_conf_061,Cys16-Cys26,16,26,15.547818183898926,
crambin_conf_062,Cys3-Cys40,3,40,7.931313514709473,
crambin_conf_062,Cys4-Cys32,4,32,11.991146087646484,
crambin_conf_062,Cys16-Cys26,16,26,10.509604454040527,
crambin_conf_063,Cys3-Cys40,3,40,2.9216837882995605,
crambin_conf_063,Cys4-Cys32,4,32,2.772528886795044,
crambin_conf_063,Cys16-Cys26,16,26,4.573525905609131,
crambin_conf_064,Cys3-Cys40,3,40,4.582590579986572,
crambin_conf_064,Cys4-Cys32,4,32,15.903840065002441,
crambin_conf_064,Cys16-Cys26,16,26,2.078380584716797,
crambin_conf_065,Cys3-Cys40,3,40,9.077796936035156,
crambin_conf_065,Cys4-Cys32,4,32,9.087416648864746,
crambin_conf_065,Cys16-Cys26,16,26,12.068413734436035,
crambin_conf_066,Cys3-Cys40,3,40,18.320323944091797,
crambin_conf_066,Cys4-Cys32,4,32,17.22062110900879,
crambin_conf_066,Cys16-Cys26,16,26,17.729942321777344,
crambin_conf_067,Cys3-Cys40,3,40,25.697669982910156,
crambin_conf_067,Cys4-Cys32,4,32,7.655360698699951,
crambin_conf_067,Cys16-Cys26,16,26,22.208309173583984,
crambin_conf_068,Cys3-Cys40,3,40,5.050186634063721,
crambin_conf_068,Cys4-Cys32,4,32,16.534927368164062,
crambin_conf_068,Cys16-Cys26,16,26,11.51579761505127,
crambin_conf_069,Cys3-Cys40,3,40,2.416018486022949,
crambin_conf_069,Cys4-Cys32,4,32,3.21641206741333,
crambin_conf_069,Cys16-Cys26,16,26,4.326026916503906,
crambin_conf_070,Cys3-Cys40,3,40,35.44540023803711,
crambin_conf_070,Cys4-Cys32,4,32,15.728678703308105,
crambin_conf_070,Cys16-Cys26,16,26,10.029715538024902,
crambin_conf_071,Cys3-Cys40,3,40,12.921350479125977,
crambin_conf_071,Cys4-Cys32,4,32,9.632183074951172,
crambin_conf_071,Cys16-Cys26,16,26,14.835070610046387,
crambin_conf_072,Cys3-Cys40,3,40,2.19982647895813,
crambin_conf_072,Cys4-Cys32,4,32,2.79713773727417,
crambin_conf_072,Cys16-Cys26,16,26,4.792763710021973,
crambin_conf_073,Cys3-Cys40,3,40,32.53862380981445,
crambin_conf_073,Cys4-Cys32,4,32,20.266550064086914,
crambin_conf_073,Cys16-Cys26,16,26,18.646892547607422,
crambin_conf_074,Cys3-Cys40,3,40,29.269855499267578,
crambin_conf_074,Cys4-Cys32,4,32,38.35455322265625,
crambin_conf_074,Cys16-Cys26,16,26,23.154756546020508,
crambin_conf_075,Cys3-Cys40,3,40,2.7301483154296875,
crambin_conf_075,Cys4-Cys32,4,32,3.7530903816223145,
crambin_conf_075,Cys16-Cys26,16,26,5.322935104370117,
crambin_conf_076,Cys3-Cys40,3,40,3.1764492988586426,
crambin_conf_076,Cys4-Cys32,4,32,2.286027431488037,
crambin_conf_076,Cys16-Cys26,16,26,6.1005096435546875,
crambin_conf_077,Cys3-Cys40,3,40,3.1600258350372314,
crambin_conf_077,Cys4-Cys32,4,32,2.8235504627227783,
crambin_conf_077,Cys16-Cys26,16,26,4.324176788330078,
crambin_conf_078,Cys3-Cys40,3,40,3.3295609951019287,
crambin_conf_078,Cys4-Cys32,4,32,2.3370556831359863,
crambin_conf_078,Cys16-Cys26,16,26,9.247615814208984,
crambin_conf_079,Cys3-Cys40,3,40,34.17448425292969,
crambin_conf_079,Cys4-Cys32,4,32,23.654043197631836,
crambin_conf_079,Cys16-Cys26,16,26,11.469104766845703,
crambin_conf_080,Cys3-Cys40,3,40,11.541132926940918,
crambin_conf_080,Cys4-Cys32,4,32,2.031963348388672,
crambin_conf_080,Cys16-Cys26,16,26,9.422369003295898,
crambin_conf_081,Cys3-Cys40,3,40,9.439369201660156,
crambin_conf_081,Cys4-Cys32,4,32,16.579444885253906,
crambin_conf_081,Cys16-Cys26,16,26,10.330018997192383,
